,0,1,2,3,4,5,6,7,8,9
0,-18.28023106511512,1.003677668626736,-2.9447928728520107,-1.9085239870119526,-1.3709965195524751,DAY,3bqd,ILE,MET,THR
1,-9.832129125270884,-2.926808306415027,-3.6882514285227357,4.790020987010391,0.1328030816660517,DAY,3bqd,MET,THR,THR
2,3.7645539443604736,5.1587628422423135,-0.43562024746331524,-2.7442828571413695,-5.351182996543848,DAY,3bqd,THR,THR,LEU
3,0.055361087417066024,4.253347322991622,-1.8876877390076994,-3.3347194718596644,-3.4763159612584125,DAY,3bqd,THR,LEU,ASN
4,-14.781410340356565,0.6316852459888547,-7.6959577051852355,-5.696465930732844,4.023152179883331,DAY,3bqd,LEU,ASN,MET
5,-2.6462599785357446,-0.9896402187158725,-0.9002818447575182,1.3347193896096663,0.30075992024370535,DAY,3bqd,ASN,MET,LEU
6,-13.541321982214292,-3.832223825665719,-5.14031892006712,4.1995843722920965,2.0076701169514877,DAY,3bqd,MET,LEU,GLY
7,-9.411384860901183,4.449871621743711,-6.296164643336449,-4.4823286666642375,3.632554880865532,DAY,3bqd,LEU,GLY,GLY
8,12.068717056920342,19.722617124763136,-0.6969923959413044,0.3742203896101868,2.0701656847943353,DAY,3bqd,GLY,GLY,GLN
9,11.304734050564834,14.486648308011072,-0.7318420157383696,0.4449064632032221,1.2186635729355333,DAY,3bqd,GLY,GLN,VAL
10,3.565254029659036,-4.211234973259032,-1.7831388796165037,-0.23284824242411617,-2.9177618236629597,DAY,3bqd,GLN,VAL,TRP
11,-15.412526736911115,2.5127035340445563,-2.0851689178577355,-2.914761034630455,-3.511469718170014,DAY,3bqd,VAL,TRP,MET
12,-15.755765478896922,-6.211571585557072,8.137386222614728,2.7151768268383556,4.941055832575159,DAY,3bqd,TRP,MET,LEU
13,-13.541321982214292,-3.832223825665719,-5.14031892006712,4.1995843722920965,2.0076701169514877,DAY,3bqd,MET,LEU,MET
14,-14.471388250820997,-0.4842920219247887,-7.057048008905706,-3.222453354976609,3.51928166415037,DAY,3bqd,LEU,MET,ALA
15,-10.496462174275672,-3.0180517308356394,-6.360055612964402,5.176715389607584,1.9100207921970378,DAY,3bqd,MET,ALA,PHE
16,-3.2884485925737077,3.600605902136473,-10.617517498172536,-0.656964683982328,3.640366826845888,DAY,3bqd,ALA,PHE,ALA
17,-14.482460468304408,0.2947864481281324,-1.0861464836751995,-0.19542620346309755,3.9567506390503047,DAY,3bqd,PHE,ALA,LEU
18,-2.601971108602092,3.8883736253091734,-12.574904476774366,-1.7879418614708924,3.632554880865532,DAY,3bqd,ALA,LEU,GLY
19,-9.411384860901183,4.449871621743711,-6.296164643336449,-4.4823286666642375,3.632554880865532,DAY,3bqd,LEU,GLY,ARG
20,11.548322835199924,13.244333990899658,0.06389096962795293,-0.773388805194386,0.23435837941067938,DAY,3bqd,GLY,ARG,CYS
21,6.111864050844064,-8.913780693398284,2.8925184431564133,-1.9417880216439691,-7.147930572025724,DAY,3bqd,ARG,CYS,PHE
22,-9.488890383285074,4.723601895005547,2.044511028094493,9.388773774886685,-5.030893211349253,DAY,3bqd,CYS,PHE,ALA
23,-14.482460468304408,0.2947864481281324,-1.0861464836751995,-0.19542620346309755,3.9567506390503047,DAY,3bqd,PHE,ALA,GLN
24,2.0040713644977814,2.470591184311966,-11.209961034722644,-0.5031185238092512,2.3904554699889307,DAY,3bqd,ALA,GLN,CYS
25,5.137508912303705,-3.944523424952626,-0.29041349830887675,2.931393051946463,-3.2107097979263086,DAY,3bqd,GLN,CYS,MET
26,-8.492390809777891,3.895392350264604,0.7260337457721923,10.731809173154357,-5.5425756730625695,DAY,3bqd,CYS,MET,ASN
27,-13.231299892678724,-4.948201093579362,-4.501409223787591,6.673596948048331,1.5037996012185268,DAY,3bqd,MET,ASN,LEU
28,-2.956282068071313,0.12633704919777095,-1.5391915410370471,-1.1392931861465687,0.8046304359766662,DAY,3bqd,ASN,LEU,LEU
29,-14.781410340356565,0.6316852459888547,-7.6959577051852355,-5.696465930732844,4.023152179883331,DAY,3bqd,LEU,LEU,ASN
30,-14.781410340356565,0.6316852459888547,-7.6959577051852355,-5.696465930732844,4.023152179883331,DAY,3bqd,LEU,ASN,TYR
31,-1.561182665161255,-0.4000673224596081,2.468514735625453,-0.39916841558419924,-0.3554435421061972,DAY,3bqd,ASN,TYR,CYS
32,-7.706263368455557,-0.3790111475933131,10.28063784013424,0.7525987835493755,-2.8826080667513576,DAY,3bqd,TYR,CYS,PHE
33,-9.488890383285074,4.723601895005547,2.044511028094493,9.388773774886685,-5.030893211349253,DAY,3bqd,CYS,PHE,THR
34,-13.81812741929962,0.38602987254874455,1.5856577007664672,-0.5821206060602906,2.179532928519319,DAY,3bqd,PHE,THR,PHE
35,-0.6311163965545497,3.9655795998189216,0.06969923959413038,-2.2037422943711,-3.4685040152780564,DAY,3bqd,THR,PHE,ILE
36,-18.47953097981656,-0.14739322406406613,1.161653993235507,-0.8440748787874213,2.8318304178790434,DAY,3bqd,PHE,ILE,GLU
37,-13.18701102274507,0.028074899821726396,-3.8741160674404167,-2.5904366969682933,-0.4882466237722489,DAY,3bqd,ILE,GLU,PHE
38,6.145080703294303,-8.022402624058458,-6.9002247198189135,2.602910709955299,5.546481646052748,DAY,3bqd,GLU,PHE,LEU
39,-17.527320276243028,-0.5193856467019473,0.1335902092220831,-1.1725572207785853,4.054399963804754,DAY,3bqd,PHE,LEU,ILE
